<?xml version="1.0" encoding="UTF-8"?>
<Setup version="6.0.29.0">
  <mediaSignature>{30FD541D-3C9D-41C4-B240-A994EE4E0231}</mediaSignature>
  <WorkflowVersion>CS6</WorkflowVersion>
  <DEVersion>6.0</DEVersion>
  <Languages>
    <Language>fr_FR</Language>
    <Language>fr_CA</Language>
    <Language>fr_MA</Language>
    <Language>it_IT</Language>
    <Language>ko_KR</Language>
    <Language>en_US</Language>
    <Language>en_GB</Language>
    <Language>en_AE</Language>
    <Language>en_IL</Language>
    <Language>pt_BR</Language>
    <Language>nl_NL</Language>
    <Language>zh_CN</Language>
    <Language>zh_TW</Language>
    <Language>sv_SE</Language>
    <Language>cs_CZ</Language>
    <Language>pl_PL</Language>
    <Language>ru_RU</Language>
    <Language>tr_TR</Language>
    <Language>ja_JP</Language>
    <Language>de_DE</Language>
    <Language>es_ES</Language>
    <Language>es_MX</Language>
  </Languages>
  <Media>
    <Volume>
      <Name>Audition CS6</Name>
      <Payloads>
        <Payload folder="AdobeAudition5it_ITLanguagePack">Adobe Audition CS6</Payload>
        <Payload folder="AdobeAudition5es_ESLanguagePack">Adobe Audition CS6</Payload>
        <Payload folder="SonicWrappers_bl6.0-mul">Adobe Audition CS6</Payload>
        <Payload folder="AdobeAudition5All">Adobe Audition CS6</Payload>
        <Payload folder="AdobeSuiteSharedConfiguration3-mul">Adobe Audition CS6</Payload>
        <Payload folder="AdobeAudition5ko_KRLanguagePack">Adobe Audition CS6</Payload>
        <Payload folder="AdobeHelp">Adobe Audition CS6</Payload>
        <Payload folder="AdobeAudition5en_USLanguagePack">Adobe Audition CS6</Payload>
        <Payload folder="AdobeDynamiclinkSupport6All">Adobe Audition CS6</Payload>
        <Payload folder="Microsoft VC 2010 Redist (x86)">Adobe Audition CS6</Payload>
        <Payload folder="AdobeAudition5ja_JPLanguagePack">Adobe Audition CS6</Payload>
        <Payload folder="Microsoft VC 2005 Redist (x86)">Adobe Audition CS6</Payload>
        <Payload folder="AdobeAudition5fr_FRLanguagePack">Adobe Audition CS6</Payload>
        <Payload folder="SonicWrappers_ph6.0-mul">Adobe Audition CS6</Payload>
        <Payload folder="AdobeAudition5de_DELanguagePack">Adobe Audition CS6</Payload>
        <Payload folder="Microsoft VC 2008 Redist (x86)">Adobe Audition CS6</Payload>
        <Payload folder="AdobeDynamicLinkMediaServer1All">Adobe Audition CS6</Payload>
      </Payloads>
    </Volume>
  </Media>
</Setup>
