<?xml version="1.0" encoding="UTF-8"?>
<PayloadInfo version="6.0.29.0" md5="b4b78bc1b9efcf32863c47b6c45dcf6a"><BuildInfo>
    <Property name="Created">2012-02-23 20:05:48.571000</Property>
    <Property name="TargetName">AdobeSuiteSharedConfiguration3-mul</Property>
    <Property name="ProcessorFamily">All</Property>
  </BuildInfo><InstallerProperties>
    <Property name="payloadType">SQLite</Property>
    <Property name="AdobeCode">{B8ADDCBD-30D9-4366-AE25-089CEF76C8E1}</Property>
    <Property name="ProductName">Suite Shared Configuration CS6</Property>
    <Property name="ProductVersion">3.0</Property>
  </InstallerProperties><Languages languageIndependent="1"/><Satisfies>
    <ProductInfo>
    <Family>Creative Suites</Family>
    <ProductName>Suite Shared Configuration CS6</ProductName>
  <ProductVersion>3.0</ProductVersion>
    </ProductInfo>
  </Satisfies><AddRemoveInfo>
    <DisplayVersion>
      <Value lang="ar_AE">3.0</Value>
      <Value lang="be_BY">3.0</Value>
      <Value lang="bg_BG">3.0</Value>
      <Value lang="ca_ES">3.0</Value>
      <Value lang="cs_CZ">3.0</Value>
      <Value lang="da_DK">3.0</Value>
      <Value lang="de_DE">3.0</Value>
      <Value lang="el_GR">3.0</Value>
      <Value lang="en_GB">3.0</Value>
      <Value lang="en_MX">3.0</Value>
      <Value lang="en_US">3.0</Value>
      <Value lang="en_XC">3.0</Value>
      <Value lang="en_XM">3.0</Value>
      <Value lang="es_ES">3.0</Value>
      <Value lang="es_MX">3.0</Value>
      <Value lang="es_QM">3.0</Value>
      <Value lang="et_EE">3.0</Value>
      <Value lang="fi_FI">3.0</Value>
      <Value lang="fr_CA">3.0</Value>
      <Value lang="fr_FR">3.0</Value>
      <Value lang="fr_MX">3.0</Value>
      <Value lang="fr_XM">3.0</Value>
      <Value lang="he_IL">3.0</Value>
      <Value lang="hi_IN">3.0</Value>
      <Value lang="hr_HR">3.0</Value>
      <Value lang="hu_HU">3.0</Value>
      <Value lang="is_IS">3.0</Value>
      <Value lang="it_IT">3.0</Value>
      <Value lang="ja_JP">3.0</Value>
      <Value lang="ko_KR">3.0</Value>
      <Value lang="lt_LT">3.0</Value>
      <Value lang="lv_LV">3.0</Value>
      <Value lang="mk_MK">3.0</Value>
      <Value lang="nb_NO">3.0</Value>
      <Value lang="nl_NL">3.0</Value>
      <Value lang="nn_NO">3.0</Value>
      <Value lang="no_NO">3.0</Value>
      <Value lang="pl_PL">3.0</Value>
      <Value lang="pt_BR">3.0</Value>
      <Value lang="ro_RO">3.0</Value>
      <Value lang="ru_RU">3.0</Value>
      <Value lang="sh_YU">3.0</Value>
      <Value lang="sk_SK">3.0</Value>
      <Value lang="sl_SI">3.0</Value>
      <Value lang="sq_AL">3.0</Value>
      <Value lang="sv_SE">3.0</Value>
      <Value lang="th_TH">3.0</Value>
      <Value lang="tr_TR">3.0</Value>
      <Value lang="uk_UA">3.0</Value>
      <Value lang="vi_VN">3.0</Value>
      <Value lang="zh_CN">3.0</Value>
      <Value lang="zh_TW">3.0</Value>
      <Value lang="en_AE">3.0</Value>
      <Value lang="en_IL">3.0</Value>
      <Value lang="fr_MA">3.0</Value>
    </DisplayVersion>
    <DisplayName>
      <Value lang="ar_AE">Suite Shared Configuration CS6</Value>
      <Value lang="be_BY">Suite Shared Configuration CS6</Value>
      <Value lang="bg_BG">Suite Shared Configuration CS6</Value>
      <Value lang="ca_ES">Suite Shared Configuration CS6</Value>
      <Value lang="cs_CZ">Suite Shared Configuration CS6</Value>
      <Value lang="da_DK">Suite Shared Configuration CS6</Value>
      <Value lang="de_DE">Suite Shared Configuration CS6</Value>
      <Value lang="el_GR">Suite Shared Configuration CS6</Value>
      <Value lang="en_GB">Suite Shared Configuration CS6</Value>
      <Value lang="en_MX">Suite Shared Configuration CS6</Value>
      <Value lang="en_US">Suite Shared Configuration CS6</Value>
      <Value lang="en_XC">Suite Shared Configuration CS6</Value>
      <Value lang="en_XM">Suite Shared Configuration CS6</Value>
      <Value lang="es_ES">Suite Shared Configuration CS6</Value>
      <Value lang="es_MX">Suite Shared Configuration CS6</Value>
      <Value lang="es_QM">Suite Shared Configuration CS6</Value>
      <Value lang="et_EE">Suite Shared Configuration CS6</Value>
      <Value lang="fi_FI">Suite Shared Configuration CS6</Value>
      <Value lang="fr_CA">Suite Shared Configuration CS6</Value>
      <Value lang="fr_FR">Suite Shared Configuration CS6</Value>
      <Value lang="fr_MX">Suite Shared Configuration CS6</Value>
      <Value lang="fr_XM">Suite Shared Configuration CS6</Value>
      <Value lang="he_IL">Suite Shared Configuration CS6</Value>
      <Value lang="hi_IN">Suite Shared Configuration CS6</Value>
      <Value lang="hr_HR">Suite Shared Configuration CS6</Value>
      <Value lang="hu_HU">Suite Shared Configuration CS6</Value>
      <Value lang="is_IS">Suite Shared Configuration CS6</Value>
      <Value lang="it_IT">Suite Shared Configuration CS6</Value>
      <Value lang="ja_JP">Suite Shared Configuration CS6</Value>
      <Value lang="ko_KR">Suite Shared Configuration CS6</Value>
      <Value lang="lt_LT">Suite Shared Configuration CS6</Value>
      <Value lang="lv_LV">Suite Shared Configuration CS6</Value>
      <Value lang="mk_MK">Suite Shared Configuration CS6</Value>
      <Value lang="nb_NO">Suite Shared Configuration CS6</Value>
      <Value lang="nl_NL">Suite Shared Configuration CS6</Value>
      <Value lang="nn_NO">Suite Shared Configuration CS6</Value>
      <Value lang="no_NO">Suite Shared Configuration CS6</Value>
      <Value lang="pl_PL">Suite Shared Configuration CS6</Value>
      <Value lang="pt_BR">Suite Shared Configuration CS6</Value>
      <Value lang="ro_RO">Suite Shared Configuration CS6</Value>
      <Value lang="ru_RU">Suite Shared Configuration CS6</Value>
      <Value lang="sh_YU">Suite Shared Configuration CS6</Value>
      <Value lang="sk_SK">Suite Shared Configuration CS6</Value>
      <Value lang="sl_SI">Suite Shared Configuration CS6</Value>
      <Value lang="sq_AL">Suite Shared Configuration CS6</Value>
      <Value lang="sv_SE">Suite Shared Configuration CS6</Value>
      <Value lang="th_TH">Suite Shared Configuration CS6</Value>
      <Value lang="tr_TR">Suite Shared Configuration CS6</Value>
      <Value lang="uk_UA">Suite Shared Configuration CS6</Value>
      <Value lang="vi_VN">Suite Shared Configuration CS6</Value>
      <Value lang="zh_CN">Suite Shared Configuration CS6</Value>
      <Value lang="zh_TW">Suite Shared Configuration CS6</Value>
      <Value lang="en_AE">Suite Shared Configuration CS6</Value>
      <Value lang="en_IL">Suite Shared Configuration CS6</Value>
      <Value lang="fr_MA">Suite Shared Configuration CS6</Value>
    </DisplayName>
  </AddRemoveInfo></PayloadInfo>