<?xml version="1.0" encoding="UTF-8"?>
<PayloadInfo version="6.0.29.0" md5="037d70aa2f10c1060b5a46349d199c60"><BuildInfo>
    <Property name="Created">2012-01-13 15:59:07.191000</Property>
    <Property name="TargetName">SonicWrappers_bl6.0-mul</Property>
    <Property name="ProcessorFamily">All</Property>
  </BuildInfo><InstallerProperties>
    <Property name="payloadType">SQLite</Property>
    <Property name="AdobeCode">{2A075BB4-E976-4278-BF3F-E5C6945D84C0}</Property>
    <Property name="ProductName">SonicWrappers_bl</Property>
    <Property name="ProductVersion">6.0</Property>
  </InstallerProperties><Languages languageIndependent="1"/><Satisfies>
    <ProductInfo>
		<Family>NonAdobePayload</Family>
		<ProductName>SonicWrappers_bl</ProductName>
	<ProductVersion>6.0</ProductVersion>
    </ProductInfo>
  </Satisfies><AddRemoveInfo>
    <DisplayVersion>
      <Value lang="ar_AE">6.0</Value>
      <Value lang="be_BY">6.0</Value>
      <Value lang="bg_BG">6.0</Value>
      <Value lang="ca_ES">6.0</Value>
      <Value lang="cs_CZ">6.0</Value>
      <Value lang="da_DK">6.0</Value>
      <Value lang="de_DE">6.0</Value>
      <Value lang="el_GR">6.0</Value>
      <Value lang="en_GB">6.0</Value>
      <Value lang="en_MX">6.0</Value>
      <Value lang="en_US">6.0</Value>
      <Value lang="en_XC">6.0</Value>
      <Value lang="en_XM">6.0</Value>
      <Value lang="es_ES">6.0</Value>
      <Value lang="es_MX">6.0</Value>
      <Value lang="es_QM">6.0</Value>
      <Value lang="et_EE">6.0</Value>
      <Value lang="fi_FI">6.0</Value>
      <Value lang="fr_CA">6.0</Value>
      <Value lang="fr_FR">6.0</Value>
      <Value lang="fr_MX">6.0</Value>
      <Value lang="fr_XM">6.0</Value>
      <Value lang="he_IL">6.0</Value>
      <Value lang="hi_IN">6.0</Value>
      <Value lang="hr_HR">6.0</Value>
      <Value lang="hu_HU">6.0</Value>
      <Value lang="is_IS">6.0</Value>
      <Value lang="it_IT">6.0</Value>
      <Value lang="ja_JP">6.0</Value>
      <Value lang="ko_KR">6.0</Value>
      <Value lang="lt_LT">6.0</Value>
      <Value lang="lv_LV">6.0</Value>
      <Value lang="mk_MK">6.0</Value>
      <Value lang="nb_NO">6.0</Value>
      <Value lang="nl_NL">6.0</Value>
      <Value lang="nn_NO">6.0</Value>
      <Value lang="no_NO">6.0</Value>
      <Value lang="pl_PL">6.0</Value>
      <Value lang="pt_BR">6.0</Value>
      <Value lang="ro_RO">6.0</Value>
      <Value lang="ru_RU">6.0</Value>
      <Value lang="sh_YU">6.0</Value>
      <Value lang="sk_SK">6.0</Value>
      <Value lang="sl_SI">6.0</Value>
      <Value lang="sq_AL">6.0</Value>
      <Value lang="sv_SE">6.0</Value>
      <Value lang="th_TH">6.0</Value>
      <Value lang="tr_TR">6.0</Value>
      <Value lang="uk_UA">6.0</Value>
      <Value lang="vi_VN">6.0</Value>
      <Value lang="zh_CN">6.0</Value>
      <Value lang="zh_TW">6.0</Value>
      <Value lang="en_AE">6.0</Value>
      <Value lang="en_IL">6.0</Value>
      <Value lang="fr_MA">6.0</Value>
    </DisplayVersion>
    <DisplayName>
      <Value lang="ar_AE">SonicWrappers_bl</Value>
      <Value lang="be_BY">SonicWrappers_bl</Value>
      <Value lang="bg_BG">SonicWrappers_bl</Value>
      <Value lang="ca_ES">SonicWrappers_bl</Value>
      <Value lang="cs_CZ">SonicWrappers_bl</Value>
      <Value lang="da_DK">SonicWrappers_bl</Value>
      <Value lang="de_DE">SonicWrappers_bl</Value>
      <Value lang="el_GR">SonicWrappers_bl</Value>
      <Value lang="en_GB">SonicWrappers_bl</Value>
      <Value lang="en_MX">SonicWrappers_bl</Value>
      <Value lang="en_US">SonicWrappers_bl</Value>
      <Value lang="en_XC">SonicWrappers_bl</Value>
      <Value lang="en_XM">SonicWrappers_bl</Value>
      <Value lang="es_ES">SonicWrappers_bl</Value>
      <Value lang="es_MX">SonicWrappers_bl</Value>
      <Value lang="es_QM">SonicWrappers_bl</Value>
      <Value lang="et_EE">SonicWrappers_bl</Value>
      <Value lang="fi_FI">SonicWrappers_bl</Value>
      <Value lang="fr_CA">SonicWrappers_bl</Value>
      <Value lang="fr_FR">SonicWrappers_bl</Value>
      <Value lang="fr_MX">SonicWrappers_bl</Value>
      <Value lang="fr_XM">SonicWrappers_bl</Value>
      <Value lang="he_IL">SonicWrappers_bl</Value>
      <Value lang="hi_IN">SonicWrappers_bl</Value>
      <Value lang="hr_HR">SonicWrappers_bl</Value>
      <Value lang="hu_HU">SonicWrappers_bl</Value>
      <Value lang="is_IS">SonicWrappers_bl</Value>
      <Value lang="it_IT">SonicWrappers_bl</Value>
      <Value lang="ja_JP">SonicWrappers_bl</Value>
      <Value lang="ko_KR">SonicWrappers_bl</Value>
      <Value lang="lt_LT">SonicWrappers_bl</Value>
      <Value lang="lv_LV">SonicWrappers_bl</Value>
      <Value lang="mk_MK">SonicWrappers_bl</Value>
      <Value lang="nb_NO">SonicWrappers_bl</Value>
      <Value lang="nl_NL">SonicWrappers_bl</Value>
      <Value lang="nn_NO">SonicWrappers_bl</Value>
      <Value lang="no_NO">SonicWrappers_bl</Value>
      <Value lang="pl_PL">SonicWrappers_bl</Value>
      <Value lang="pt_BR">SonicWrappers_bl</Value>
      <Value lang="ro_RO">SonicWrappers_bl</Value>
      <Value lang="ru_RU">SonicWrappers_bl</Value>
      <Value lang="sh_YU">SonicWrappers_bl</Value>
      <Value lang="sk_SK">SonicWrappers_bl</Value>
      <Value lang="sl_SI">SonicWrappers_bl</Value>
      <Value lang="sq_AL">SonicWrappers_bl</Value>
      <Value lang="sv_SE">SonicWrappers_bl</Value>
      <Value lang="th_TH">SonicWrappers_bl</Value>
      <Value lang="tr_TR">SonicWrappers_bl</Value>
      <Value lang="uk_UA">SonicWrappers_bl</Value>
      <Value lang="vi_VN">SonicWrappers_bl</Value>
      <Value lang="zh_CN">SonicWrappers_bl</Value>
      <Value lang="zh_TW">SonicWrappers_bl</Value>
      <Value lang="en_AE">SonicWrappers_bl</Value>
      <Value lang="en_IL">SonicWrappers_bl</Value>
      <Value lang="fr_MA">SonicWrappers_bl</Value>
    </DisplayName>
  </AddRemoveInfo></PayloadInfo>