<?xml version="1.0" encoding="UTF-8"?>
<PayloadInfo version="6.0.29.0" md5="2606955c1ba8b0b16f90ee79a421105b"><BuildInfo>
    <Property name="Created">2012-02-21 21:20:06.609000</Property>
    <Property name="TargetName">AdobeDynamiclinkSupport6All</Property>
    <Property name="ProcessorFamily">All</Property>
  </BuildInfo><InstallerProperties>
    <Property name="payloadType">SQLite</Property>
    <Property name="AdobeCode">{DE88AA40-6766-43D3-A755-8FC374B3D2C3}</Property>
    <Property name="ProductName">Adobe Dynamiclink Support</Property>
    <Property name="ProductVersion">6</Property>
  </InstallerProperties><Languages languageIndependent="1"/><Satisfies>
    <ProductInfo>
		<Family>DVA</Family>
		<ProductName>DynamiclinkSupport</ProductName>
	<ProductVersion>6</ProductVersion>
    </ProductInfo>
  </Satisfies><AddRemoveInfo>
    <DisplayVersion>
      <Value lang="ar_AE">6</Value>
      <Value lang="be_BY">6</Value>
      <Value lang="bg_BG">6</Value>
      <Value lang="ca_ES">6</Value>
      <Value lang="cs_CZ">6</Value>
      <Value lang="da_DK">6</Value>
      <Value lang="de_DE">6</Value>
      <Value lang="el_GR">6</Value>
      <Value lang="en_GB">6</Value>
      <Value lang="en_MX">6</Value>
      <Value lang="en_US">6</Value>
      <Value lang="en_XC">6</Value>
      <Value lang="en_XM">6</Value>
      <Value lang="es_ES">6</Value>
      <Value lang="es_MX">6</Value>
      <Value lang="es_QM">6</Value>
      <Value lang="et_EE">6</Value>
      <Value lang="fi_FI">6</Value>
      <Value lang="fr_CA">6</Value>
      <Value lang="fr_FR">6</Value>
      <Value lang="fr_MX">6</Value>
      <Value lang="fr_XM">6</Value>
      <Value lang="he_IL">6</Value>
      <Value lang="hi_IN">6</Value>
      <Value lang="hr_HR">6</Value>
      <Value lang="hu_HU">6</Value>
      <Value lang="is_IS">6</Value>
      <Value lang="it_IT">6</Value>
      <Value lang="ja_JP">6</Value>
      <Value lang="ko_KR">6</Value>
      <Value lang="lt_LT">6</Value>
      <Value lang="lv_LV">6</Value>
      <Value lang="mk_MK">6</Value>
      <Value lang="nb_NO">6</Value>
      <Value lang="nl_NL">6</Value>
      <Value lang="nn_NO">6</Value>
      <Value lang="no_NO">6</Value>
      <Value lang="pl_PL">6</Value>
      <Value lang="pt_BR">6</Value>
      <Value lang="ro_RO">6</Value>
      <Value lang="ru_RU">6</Value>
      <Value lang="sh_YU">6</Value>
      <Value lang="sk_SK">6</Value>
      <Value lang="sl_SI">6</Value>
      <Value lang="sq_AL">6</Value>
      <Value lang="sv_SE">6</Value>
      <Value lang="th_TH">6</Value>
      <Value lang="tr_TR">6</Value>
      <Value lang="uk_UA">6</Value>
      <Value lang="vi_VN">6</Value>
      <Value lang="zh_CN">6</Value>
      <Value lang="zh_TW">6</Value>
      <Value lang="en_AE">6</Value>
      <Value lang="en_IL">6</Value>
      <Value lang="fr_MA">6</Value>
    </DisplayVersion>
    <DisplayName>
      <Value lang="ar_AE">Adobe Dynamiclink Support</Value>
      <Value lang="be_BY">Adobe Dynamiclink Support</Value>
      <Value lang="bg_BG">Adobe Dynamiclink Support</Value>
      <Value lang="ca_ES">Adobe Dynamiclink Support</Value>
      <Value lang="cs_CZ">Adobe Dynamiclink Support</Value>
      <Value lang="da_DK">Adobe Dynamiclink Support</Value>
      <Value lang="de_DE">Adobe Dynamiclink Support</Value>
      <Value lang="el_GR">Adobe Dynamiclink Support</Value>
      <Value lang="en_GB">Adobe Dynamiclink Support</Value>
      <Value lang="en_MX">Adobe Dynamiclink Support</Value>
      <Value lang="en_US">Adobe Dynamiclink Support</Value>
      <Value lang="en_XC">Adobe Dynamiclink Support</Value>
      <Value lang="en_XM">Adobe Dynamiclink Support</Value>
      <Value lang="es_ES">Adobe Dynamiclink Support</Value>
      <Value lang="es_MX">Adobe Dynamiclink Support</Value>
      <Value lang="es_QM">Adobe Dynamiclink Support</Value>
      <Value lang="et_EE">Adobe Dynamiclink Support</Value>
      <Value lang="fi_FI">Adobe Dynamiclink Support</Value>
      <Value lang="fr_CA">Adobe Dynamiclink Support</Value>
      <Value lang="fr_FR">Adobe Dynamiclink Support</Value>
      <Value lang="fr_MX">Adobe Dynamiclink Support</Value>
      <Value lang="fr_XM">Adobe Dynamiclink Support</Value>
      <Value lang="he_IL">Adobe Dynamiclink Support</Value>
      <Value lang="hi_IN">Adobe Dynamiclink Support</Value>
      <Value lang="hr_HR">Adobe Dynamiclink Support</Value>
      <Value lang="hu_HU">Adobe Dynamiclink Support</Value>
      <Value lang="is_IS">Adobe Dynamiclink Support</Value>
      <Value lang="it_IT">Adobe Dynamiclink Support</Value>
      <Value lang="ja_JP">Adobe Dynamiclink Support</Value>
      <Value lang="ko_KR">Adobe Dynamiclink Support</Value>
      <Value lang="lt_LT">Adobe Dynamiclink Support</Value>
      <Value lang="lv_LV">Adobe Dynamiclink Support</Value>
      <Value lang="mk_MK">Adobe Dynamiclink Support</Value>
      <Value lang="nb_NO">Adobe Dynamiclink Support</Value>
      <Value lang="nl_NL">Adobe Dynamiclink Support</Value>
      <Value lang="nn_NO">Adobe Dynamiclink Support</Value>
      <Value lang="no_NO">Adobe Dynamiclink Support</Value>
      <Value lang="pl_PL">Adobe Dynamiclink Support</Value>
      <Value lang="pt_BR">Adobe Dynamiclink Support</Value>
      <Value lang="ro_RO">Adobe Dynamiclink Support</Value>
      <Value lang="ru_RU">Adobe Dynamiclink Support</Value>
      <Value lang="sh_YU">Adobe Dynamiclink Support</Value>
      <Value lang="sk_SK">Adobe Dynamiclink Support</Value>
      <Value lang="sl_SI">Adobe Dynamiclink Support</Value>
      <Value lang="sq_AL">Adobe Dynamiclink Support</Value>
      <Value lang="sv_SE">Adobe Dynamiclink Support</Value>
      <Value lang="th_TH">Adobe Dynamiclink Support</Value>
      <Value lang="tr_TR">Adobe Dynamiclink Support</Value>
      <Value lang="uk_UA">Adobe Dynamiclink Support</Value>
      <Value lang="vi_VN">Adobe Dynamiclink Support</Value>
      <Value lang="zh_CN">Adobe Dynamiclink Support</Value>
      <Value lang="zh_TW">Adobe Dynamiclink Support</Value>
      <Value lang="en_AE">Adobe Dynamiclink Support</Value>
      <Value lang="en_IL">Adobe Dynamiclink Support</Value>
      <Value lang="fr_MA">Adobe Dynamiclink Support</Value>
    </DisplayName>
  </AddRemoveInfo></PayloadInfo>